<?xml version="1.0" encoding="UTF-8"?>
<beans xmlns="http://www.springframework.org/schema/beans"
	xmlns:xsi="http://www.w3.org/2001/XMLSchema-instance"
	xmlns:context="http://www.springframework.org/schema/context"
	xmlns:p="http://www.springframework.org/schema/p"
	xmlns:mvc="http://www.springframework.org/schema/mvc"
	xmlns:tx="http://www.springframework.org/schema/tx"
	xsi:schemaLocation="http://www.springframework.org/schema/mvc http://www.springframework.org/schema/mvc/spring-mvc-3.1.xsd
		http://www.springframework.org/schema/beans http://www.springframework.org/schema/beans/spring-beans.xsd
		http://www.springframework.org/schema/context http://www.springframework.org/schema/context/spring-context-3.1.xsd
		http://www.springframework.org/schema/tx http://www.springframework.org/schema/tx/spring-tx-3.1.xsd">

	<context:component-scan
		base-package="com.spring.biz"></context:component-scan>

	<!-- transaction 어노테이션으로 트렌젝션 처리하기 위한 설정 -->
	<tx:annotation-driven
		transaction-manager="transactionManager" proxy-target-class="true" />

	<bean id="dataSourceSpied"
		class="org.apache.commons.dbcp.BasicDataSource">
		<property name="driverClassName"
			value="oracle.jdbc.driver.OracleDriver"></property>
		<property name="url"
			value="jdbc:oracle:thin:@localhost:1521:orcl"></property>
		<property name="username" value="MYDB"></property>
		<property name="password" value="oracle"></property>
	</bean>

	<bean id="dataSource"
		class="net.sf.log4jdbc.Log4jdbcProxyDataSource">
		<constructor-arg ref="dataSourceSpied" />
		<property name="logFormatter">
			<bean class="net.sf.log4jdbc.tools.Log4JdbcCustomFormatter">
				<property name="loggingType" value="MULTI_LINE" />
				<property name="sqlPrefix" value="SQL:::" />
			</bean>
		</property>
	</bean>

	<bean id="sqlSessionFactory"
		class="org.mybatis.spring.SqlSessionFactoryBean">
		<property name="configLocation"
			value="classpath:sql-map-config.xml"></property>
		<property name="dataSource" ref="dataSource"></property>
	</bean>

	<bean class="org.mybatis.spring.SqlSessionTemplate">
		<constructor-arg ref="sqlSessionFactory"></constructor-arg>
	</bean>

	<!-- 트랜젝션 매니저 -->
	<bean id="transactionManager"
		class="org.springframework.jdbc.datasource.DataSourceTransactionManager">
		<property name="dataSource" ref="dataSource"></property>
	</bean>

	<!-- 파일 업로드 -->
	<bean id="multipartResolver"
		class="org.springframework.web.multipart.commons.CommonsMultipartResolver">
		<!-- 용량 -->
		<property name="maxUploadSize" value="10485760" />
		<property name="defaultEncoding" value="UTF-8"></property>
	</bean>

<!-- 	<bean id="uploadPath" class="java.lang.String"> -->
<!-- 		<constructor-arg value="D:\uploadFile\bookStore" /> -->
<!-- 	</bean> -->
	<!-- 파일 업로드 끝 -->

</beans>




















