<?xml version="1.0" encoding="UTF-8"?>
<!DOCTYPE tiles-definitions PUBLIC "-//Apache Software Foundation//DTD Tiles Configuration 3.0//EN" "http://tiles.apache.org/dtds/tiles-config_3_0.dtd">

<tiles-definitions>
	
	<definition name="baseLayout" template="/WEB-INF/view/common/template.jsp">
		<put-attribute name="title" value=""/>
		<put-attribute name="header" value="/WEB-INF/view/common/menu.jsp"/>
		<put-attribute name="side" value=""/>
		<put-attribute name="body" value=""/>
<!-- 		<put-attribute name="footer" value="/WEB-INF/view/common/footer.jsp"/> -->
	</definition>
	
	<definition name="member/*" extends="baseLayout">
		<put-attribute name="title" value="memberPage" />
		<put-attribute name="side" value="/WEB-INF/view/common/memberSide.jsp"/>
		<put-attribute name="body" value="/WEB-INF/view/member/{1}.jsp" />
	</definition>
	
	<definition name="board/*" extends="baseLayout">
		<put-attribute name="title" value="boardPage" />
		<put-attribute name="side" value="/WEB-INF/view/common/boardSide.jsp"/>
		<put-attribute name="body" value="/WEB-INF/view/board/{1}.jsp" />
	</definition>
	
<!-- 	<definition name="main2" extends="baseLayout"> -->
<!-- 		<put-attribute name="title" value="It's main2" /> -->
<!-- 		<put-attribute name="body" value="/WEB-INF/view/main2.jsp" /> -->
<!-- 	</definition> -->
	
</tiles-definitions>