<?xml version="1.0" encoding="UTF-8"?>
<!DOCTYPE mapper PUBLIC "-//mybatis.org//DTD Mapper 3.0//EN" 
"http://mybatis.org/dtd/mybatis-3-mapper.dtd">

<!-- 맵퍼파일 생성 후 반드시 sql-map-config.xml 파일에 mapper 등록해줘야 함 -->
<mapper namespace="goodsMapper">
	<resultMap type="com.spring.biz.vo.GoodsVO" id="goods">
		<result column="GOODS_ID"  				property="goodsId"/>
		<result column="GOODS_NAME"  			property="goodsName"/>
		<result column="CATEGORY_CODE"  		property="categoryCode"/>
		<result column="GOODS_WRITER" 	 		property="goodsWriter" />
		<result column="GOODS_PRICE"  			property="goodsPrice"/>
		<result column="GOODS_POINT	"  			property="goodsPoint"/>
		<result column="GOODS_DELIVERY_PRICE" 	property="goodsDeliveryPrice"/>
		<result column="GOODS_PUBLISHER	"  		property="goodsPublisher"/>
		<result column="GOODS_PUBLISHER_DATE" 	property="goodsPublisherDate"/>
		<result column="GOODS_STATUS"  			property="goodsStatus"/>
		<result column="GOODS_CONTENT"  		property="goodsContent"/>
		<result column="GOODS_CREATE_DATE"  	property="goodsCreateDate"/>
		<result column="FILE_NAME"  			property="fileName"/>
	</resultMap>
	
	<resultMap type="com.spring.biz.vo.CategoryVO" id="category">
		<result column="CATEGORY_CODE"  		property="categoryCode"/>
		<result column="CATEGORY_NAME"  		property="categoryName"/>
	</resultMap>
	
	<resultMap type="com.spring.biz.vo.ImageVO" id="image">
		<result column="IMAGE_ID"  			property="imageId"/>
		<result column="GOODS_ID"  			property="goodsId"/>
		<result column="FILE_NAME"  		property="fileName"/>
		<result column="MEMBER_ID"  		property="memberId"/>
		<result column="CREATE_DATE"  		property="createDate"/>
	</resultMap>



	<select id="selectCategoryList" resultMap="category">
		SELECT CATEGORY_CODE
			, CATEGORY_NAME
		FROM SHOPPING_GOODS_CATEGORY
		ORDER BY CATEGORY_CODE
	</select>
	
	<select id="getMaxId" resultType="int">
		SELECT NVL(MAX(GOODS_ID)+1,1) 
		FROM SHOPPING_GOODS
	</select>
	
	<insert id="insertGoods">
		INSERT INTO SHOPPING_GOODS(
			GOODS_ID
			, GOODS_NAME
			, CATEGORY_CODE
			, GOODS_WRITER
			, GOODS_PRICE
			, GOODS_POINT
			, GOODS_DELIVERY_PRICE
			, GOODS_CONTENT
		)VALUES(
			#{goodsId}
			, #{goodsName}
			, #{categoryCode}
			, #{goodsWriter}
			, #{goodsPrice}
			, #{goodsPrice} * 0.1
			, #{goodsDeliveryPrice}
			, #{goodsContent}
		)
	</insert>
	
	<insert id="insertImage">
		INSERT ALL
		<foreach collection="imageList" item="image">
			INTO SHOPPING_IMAGE (
				IMAGE_ID
				, GOODS_ID
				, FILE_NAME
				, MEMBER_ID
			) VALUES (
				#{image.imageId}
				, #{image.goodsId}
				, #{image.fileName}
				, #{image.memberId}
			)
		</foreach>
		SELECT *
		FROM DUAL
	</insert>
	
	<select id="selectGoodsList" resultMap="goods">
		SELECT G.GOODS_ID
	        , GOODS_NAME
	        , GOODS_PRICE
	        , FILE_NAME
		FROM SHOPPING_GOODS G, SHOPPING_IMAGE I
		WHERE G.GOODS_ID = I.GOODS_ID
        AND IMAGE_ID LIKE '%'||'1'
        <if test="categoryCode != 0">
        AND CATEGORY_CODE = #{categoryCode}
        </if>
	</select>
	
	<select id="selectGoods" resultMap="goods">
		SELECT G.GOODS_ID
	        , GOODS_NAME
	        , GOODS_PRICE
	        , GOODS_DELIVERY_PRICE
			, GOODS_CONTENT
			, FILE_NAME
		FROM SHOPPING_GOODS G, SHOPPING_IMAGE I
		WHERE G.GOODS_ID = I.GOODS_ID
        AND IMAGE_ID LIKE '%'||'1'
        AND G.GOODS_ID = #{goodsId}
	</select>
	
	<select id="selectSubImage" resultMap="image">
		SELECT IMAGE_ID
			, FILE_NAME
		FROM SHOPPING_IMAGE
		WHERE GOODS_ID = #{goodsId}
		AND IMAGE_ID NOT LIKE '%'||'1'
	</select>
</mapper>
















