<?xml version="1.0" encoding="UTF-8"?>
<beans xmlns="http://www.springframework.org/schema/beans"
	xmlns:xsi="http://www.w3.org/2001/XMLSchema-instance"
	xmlns:context="http://www.springframework.org/schema/context"
	xmlns:mvc="http://www.springframework.org/schema/mvc"
	xmlns:tx="http://www.springframework.org/schema/tx"
	xsi:schemaLocation="http://www.springframework.org/schema/mvc http://www.springframework.org/schema/mvc/spring-mvc-3.1.xsd
		http://www.springframework.org/schema/beans http://www.springframework.org/schema/beans/spring-beans.xsd
		http://www.springframework.org/schema/context http://www.springframework.org/schema/context/spring-context-3.1.xsd
		http://www.springframework.org/schema/tx http://www.springframework.org/schema/tx/spring-tx-3.1.xsd">

	<context:component-scan base-package="com.spring.view"></context:component-scan>
	<mvc:annotation-driven />
		
		<!-- Tiles 설정 -->
		<bean id="tilesConfigurer" class="org.springframework.web.servlet.view.tiles3.TilesConfigurer">
		    <property name="definitions">
		        <list>
		            <value>classpath:tiles/*.xml</value> <!-- src/main/resources/안에 tiles라는 폴더에 있는 모든 xml파일 -->
		        </list>
		    </property>
		</bean>
		
		<bean id="tilesViewResolver" class="org.springframework.web.servlet.view.UrlBasedViewResolver">
	        <property name="viewClass" value="org.springframework.web.servlet.view.tiles3.TilesView" />
	        <property name="order" value="1" /><!-- 순서를 우선으로 지정 -->
	    </bean>
		
		
	<!-- view resolver 설정 -->
	<bean class="org.springframework.web.servlet.view.InternalResourceViewResolver">
		<property name="prefix" value="/WEB-INF/view/"/>
		<property name="suffix" value=".jsp"/>
		<property name="order" value="2"></property>
	</bean>
	
	
	<!-- 리소스 매핑 -->
	<!-- <mvc:resources location="/resources/css/" mapping="/css/**"/> -->
	
</beans>










